{"loss": [0.2821495831012726, 0.016923412680625916, 0.012917106971144676, 0.012927400879561901, 0.012942078523337841, 0.01283856388181448, 0.012735873460769653, 0.012161538936197758, 0.012071258388459682, 0.012236294336616993], "mse": [0.2821495831012726, 0.016923412680625916, 0.012917106971144676, 0.012927400879561901, 0.012942078523337841, 0.01283856388181448, 0.012735873460769653, 0.012161538936197758, 0.012071258388459682, 0.012236294336616993], "mae": [0.4205152690410614, 0.08664993941783905, 0.06743288785219193, 0.06739845871925354, 0.06774955242872238, 0.06689082831144333, 0.06680422276258469, 0.0635155439376831, 0.06253243237733841, 0.06560647487640381], "val_loss": [0.02165919356048107, 0.013840144500136375, 0.015365484170615673, 0.01333385705947876, 0.012854741886258125, 0.01657407358288765, 0.012111104093492031, 0.011589260771870613, 0.013601257465779781, 0.01302512176334858], "val_mse": [0.02165919356048107, 0.013840144500136375, 0.015365484170615673, 0.01333385705947876, 0.012854741886258125, 0.01657407358288765, 0.012111104093492031, 0.011589260771870613, 0.013601257465779781, 0.01302512176334858], "val_mae": [0.101727694272995, 0.0712939202785492, 0.08541752398014069, 0.07091859728097916, 0.06747674942016602, 0.09419750422239304, 0.05873333290219307, 0.05519131198525429, 0.07402786612510681, 0.06551847606897354]}