{"loss": [59.40067672729492, 0.22980619966983795, 0.026688335463404655, 0.011359558440744877, 0.009234366938471794, 0.009448321536183357, 0.008880028501152992, 0.008750521577894688, 0.008823270909488201, 0.008835098706185818, 0.008990278467535973, 0.008583880960941315, 0.00837335828691721, 0.008792508393526077, 0.010044565424323082, 0.008873000741004944, 0.01082875020802021, 0.011271439492702484, 0.00984625518321991, 0.009527352638542652, 0.007959765382111073, 0.009645444341003895, 0.009388755075633526, 0.009463554248213768, 0.010265685617923737], "mse": [59.40067672729492, 0.22980619966983795, 0.026688335463404655, 0.011359558440744877, 0.009234366938471794, 0.009448321536183357, 0.008880028501152992, 0.008750521577894688, 0.008823270909488201, 0.008835098706185818, 0.008990278467535973, 0.008583880960941315, 0.00837335828691721, 0.008792508393526077, 0.010044565424323082, 0.008873000741004944, 0.01082875020802021, 0.011271439492702484, 0.00984625518321991, 0.009527352638542652, 0.007959765382111073, 0.009645444341003895, 0.009388755075633526, 0.009463554248213768, 0.010265685617923737], "mae": [3.369718551635742, 0.3990287482738495, 0.13351239264011383, 0.08404276520013809, 0.07644364982843399, 0.07644381374120712, 0.07499279826879501, 0.07367736101150513, 0.07371744513511658, 0.07468270510435104, 0.07470784336328506, 0.07280797511339188, 0.07118729501962662, 0.07411933690309525, 0.08018659055233002, 0.07451766729354858, 0.08204758912324905, 0.08446262031793594, 0.07853156328201294, 0.07740870118141174, 0.06981499493122101, 0.07680097222328186, 0.07717686891555786, 0.07706976681947708, 0.07945666462182999], "val_loss": [0.17492888867855072, 0.10212235152721405, 0.011532497592270374, 0.011186361312866211, 0.009423031471669674, 0.009321615099906921, 0.00815369002521038, 0.0077717481181025505, 0.007478502579033375, 0.00981958769261837, 0.007554417010396719, 0.007368967402726412, 0.008901897817850113, 0.014053652994334698, 0.0070359427481889725, 0.007250953000038862, 0.012500768527388573, 0.02072473242878914, 0.010877919383347034, 0.007008656859397888, 0.008491328917443752, 0.009403969161212444, 0.008124939166009426, 0.012531884014606476, 0.010293718427419662], "val_mse": [0.17492888867855072, 0.10212235152721405, 0.011532497592270374, 0.011186361312866211, 0.009423031471669674, 0.009321615099906921, 0.00815369002521038, 0.0077717481181025505, 0.007478502579033375, 0.00981958769261837, 0.007554417010396719, 0.007368967402726412, 0.008901897817850113, 0.014053652994334698, 0.0070359427481889725, 0.007250953000038862, 0.012500768527388573, 0.02072473242878914, 0.010877919383347034, 0.007008656859397888, 0.008491328917443752, 0.009403969161212444, 0.008124939166009426, 0.012531884014606476, 0.010293718427419662], "val_mae": [0.4039442539215088, 0.30236753821372986, 0.08757846057415009, 0.08642132580280304, 0.07525040954351425, 0.07801313698291779, 0.06976217031478882, 0.06812317669391632, 0.06804623454809189, 0.07634735852479935, 0.06692346185445786, 0.06771574169397354, 0.07665462791919708, 0.10066086053848267, 0.06543672829866409, 0.06574410200119019, 0.09394571185112, 0.12614847719669342, 0.0865844339132309, 0.06562039256095886, 0.07453422248363495, 0.07508359849452972, 0.0694144144654274, 0.09391555935144424, 0.07903348654508591]}