{"loss": [16.74863052368164, 0.05579116567969322, 0.018011141568422318, 0.013943123631179333, 0.00998582225292921, 0.009961914271116257, 0.01383114792406559, 0.009785677306354046, 0.009593860246241093, 0.008375456556677818, 0.008165530860424042, 0.009122238494455814, 0.009364605881273746, 0.009996752254664898, 0.010766897350549698, 0.009392090141773224, 0.010405123233795166, 0.008482427336275578, 0.010231059044599533, 0.014252345077693462, 0.01129485946148634, 0.008636918850243092, 0.010571818798780441, 0.011255976743996143, 0.012443321757018566, 0.011036744341254234, 0.009970230981707573, 0.012046324089169502, 0.007949795573949814, 0.008196939714252949], "mse": [16.74863052368164, 0.05579116567969322, 0.018011141568422318, 0.013943123631179333, 0.00998582225292921, 0.009961914271116257, 0.01383114792406559, 0.009785677306354046, 0.009593860246241093, 0.008375456556677818, 0.008165530860424042, 0.009122238494455814, 0.009364605881273746, 0.009996752254664898, 0.010766897350549698, 0.009392090141773224, 0.010405123233795166, 0.008482427336275578, 0.010231059044599533, 0.014252345077693462, 0.01129485946148634, 0.008636918850243092, 0.010571818798780441, 0.011255976743996143, 0.012443321757018566, 0.011036744341254234, 0.009970230981707573, 0.012046324089169502, 0.007949795573949814, 0.008196939714252949], "mae": [1.7694087028503418, 0.1965816766023636, 0.10926713049411774, 0.09411043673753738, 0.07963918894529343, 0.0794554129242897, 0.0958138108253479, 0.078338123857975, 0.07794199138879776, 0.07135889679193497, 0.07162844389677048, 0.07586602866649628, 0.07563633471727371, 0.0797085091471672, 0.08302608877420425, 0.07644989341497421, 0.08073229342699051, 0.07315951585769653, 0.08001983910799026, 0.0957762748003006, 0.08553473651409149, 0.07255899161100388, 0.08154599368572235, 0.08334549516439438, 0.08755519241094589, 0.08318617939949036, 0.08014805614948273, 0.08650419116020203, 0.07001838833093643, 0.07120759040117264], "val_loss": [0.1653822362422943, 0.012780576944351196, 0.011672371998429298, 0.012975572608411312, 0.011837969534099102, 0.012572109699249268, 0.010022543370723724, 0.009074217639863491, 0.008329487405717373, 0.007891086861491203, 0.011851456016302109, 0.00956516619771719, 0.007442201022058725, 0.013644218444824219, 0.01906360499560833, 0.010384658351540565, 0.012323482893407345, 0.009607547894120216, 0.007601547986268997, 0.0073747034184634686, 0.007936187088489532, 0.007446520961821079, 0.01262508425861597, 0.010016780346632004, 0.007333618123084307, 0.00994447898119688, 0.016907047480344772, 0.007332786917686462, 0.010531827807426453, 0.008738269098103046], "val_mse": [0.1653822362422943, 0.012780576944351196, 0.011672371998429298, 0.012975572608411312, 0.011837969534099102, 0.012572109699249268, 0.010022543370723724, 0.009074217639863491, 0.008329487405717373, 0.007891086861491203, 0.011851456016302109, 0.00956516619771719, 0.007442201022058725, 0.013644218444824219, 0.01906360499560833, 0.010384658351540565, 0.012323482893407345, 0.009607547894120216, 0.007601547986268997, 0.0073747034184634686, 0.007936187088489532, 0.007446520961821079, 0.01262508425861597, 0.010016780346632004, 0.007333618123084307, 0.00994447898119688, 0.016907047480344772, 0.007332786917686462, 0.010531827807426453, 0.008738269098103046], "val_mae": [0.39081305265426636, 0.09221513569355011, 0.08541808277368546, 0.09355445206165314, 0.08553635329008102, 0.0884058028459549, 0.08131856471300125, 0.07698488980531693, 0.07327477633953094, 0.07080007344484329, 0.09074769169092178, 0.07575242221355438, 0.0668230801820755, 0.0931115597486496, 0.11996693909168243, 0.07925032824277878, 0.087791807949543, 0.08018748462200165, 0.06734088808298111, 0.06639666855335236, 0.07147018611431122, 0.06658453494310379, 0.0941411480307579, 0.08218207955360413, 0.0661909356713295, 0.08171095699071884, 0.11196351051330566, 0.06749527156352997, 0.08446536958217621, 0.07225580513477325]}