{"loss": [0.31679418683052063, 0.04627653583884239, 0.03613458573818207, 0.025238726288080215, 0.019686225801706314, 0.019517814740538597, 0.018671678379178047, 0.0127636156976223, 0.012327540665864944, 0.017589323222637177, 0.013220671564340591, 0.011446508578956127, 0.016715075820684433, 0.016662079840898514, 0.011936068534851074, 0.01979151926934719, 0.01412380114197731, 0.011140338145196438, 0.015130984596908092, 0.01314851175993681, 0.01191601064056158, 0.011183901689946651, 0.011793115176260471, 0.013885392807424068, 0.01266038790345192, 0.013372528366744518, 0.011584396474063396, 0.011766083538532257, 0.012216070666909218, 0.024012399837374687], "mse": [0.31679418683052063, 0.04627653583884239, 0.03613458573818207, 0.025238726288080215, 0.019686225801706314, 0.019517814740538597, 0.018671678379178047, 0.0127636156976223, 0.012327540665864944, 0.017589323222637177, 0.013220671564340591, 0.011446508578956127, 0.016715075820684433, 0.016662079840898514, 0.011936068534851074, 0.01979151926934719, 0.01412380114197731, 0.011140338145196438, 0.015130984596908092, 0.01314851175993681, 0.01191601064056158, 0.011183901689946651, 0.011793115176260471, 0.013885392807424068, 0.01266038790345192, 0.013372528366744518, 0.011584396474063396, 0.011766083538532257, 0.012216070666909218, 0.024012399837374687], "mae": [0.4776940643787384, 0.16010187566280365, 0.15460552275180817, 0.1302989274263382, 0.11230085790157318, 0.11160667985677719, 0.11112454533576965, 0.08908751606941223, 0.08680077642202377, 0.10287531465291977, 0.08957690745592117, 0.0832509994506836, 0.10138224810361862, 0.10443177074193954, 0.08471346646547318, 0.11522576957941055, 0.09547554701566696, 0.0835014209151268, 0.10003228485584259, 0.0907738208770752, 0.08631760627031326, 0.08238498121500015, 0.08534593135118484, 0.09487242251634598, 0.09089697152376175, 0.09282831847667694, 0.08306407183408737, 0.08344140648841858, 0.08448971062898636, 0.1281798779964447], "val_loss": [0.18934641778469086, 0.11179717630147934, 0.04228179156780243, 0.03242071717977524, 0.014717981219291687, 0.011955846101045609, 0.015033679082989693, 0.012180382385849953, 0.018792636692523956, 0.013663928024470806, 0.011151956394314766, 0.019603006541728973, 0.018758997321128845, 0.011716176755726337, 0.017842069268226624, 0.013691579923033714, 0.011398067697882652, 0.013786752708256245, 0.014345795847475529, 0.012552479282021523, 0.01081943977624178, 0.010738587006926537, 0.014642463065683842, 0.015135478228330612, 0.015197964385151863, 0.011775459162890911, 0.011962151154875755, 0.01138320192694664, 0.027274781838059425, 0.014564279466867447], "val_mse": [0.18934641778469086, 0.11179717630147934, 0.04228179156780243, 0.03242071717977524, 0.014717981219291687, 0.011955846101045609, 0.015033679082989693, 0.012180382385849953, 0.018792636692523956, 0.013663928024470806, 0.011151956394314766, 0.019603006541728973, 0.018758997321128845, 0.011716176755726337, 0.017842069268226624, 0.013691579923033714, 0.011398067697882652, 0.013786752708256245, 0.014345795847475529, 0.012552479282021523, 0.01081943977624178, 0.010738587006926537, 0.014642463065683842, 0.015135478228330612, 0.015197964385151863, 0.011775459162890911, 0.011962151154875755, 0.01138320192694664, 0.027274781838059425, 0.014564279466867447], "val_mae": [0.41243115067481995, 0.30780237913131714, 0.17037343978881836, 0.1470160037279129, 0.10100481659173965, 0.08995329588651657, 0.09712905436754227, 0.08799088001251221, 0.10879286378622055, 0.09137147665023804, 0.08457664400339127, 0.11728012561798096, 0.11391609162092209, 0.08813028782606125, 0.11101154237985611, 0.09647613763809204, 0.08629050105810165, 0.09663804620504379, 0.09854795783758163, 0.08824878185987473, 0.08403215557336807, 0.08344922959804535, 0.0947379320859909, 0.10213963687419891, 0.10208618640899658, 0.08500830829143524, 0.08448459953069687, 0.08311020582914352, 0.13634759187698364, 0.09972864389419556]}