{"loss": [18.204599380493164, 0.044475194066762924, 0.028440440073609352, 0.04886472225189209, 0.03230265527963638, 0.020883573219180107, 0.018059829249978065, 0.01908075250685215, 0.033051181584596634, 0.029973234981298447, 0.03568939119577408, 0.026994656771421432, 0.020046275109052658, 0.018089957535266876, 0.015130877494812012, 0.014014183543622494, 0.012501494958996773, 0.015415271744132042, 0.012487187050282955, 0.026096083223819733, 0.019136939197778702, 0.03183897212147713, 0.016535932198166847, 0.014780434779822826, 0.015896258875727654, 0.012558073736727238, 0.014613953419029713, 0.01329291146248579, 0.01938057318329811, 0.011809983290731907], "mse": [18.204599380493164, 0.044475194066762924, 0.028440440073609352, 0.04886472225189209, 0.03230265527963638, 0.020883573219180107, 0.018059829249978065, 0.01908075250685215, 0.033051181584596634, 0.029973234981298447, 0.03568939119577408, 0.026994656771421432, 0.020046275109052658, 0.018089957535266876, 0.015130877494812012, 0.014014183543622494, 0.012501494958996773, 0.015415271744132042, 0.012487187050282955, 0.026096083223819733, 0.019136939197778702, 0.03183897212147713, 0.016535932198166847, 0.014780434779822826, 0.015896258875727654, 0.012558073736727238, 0.014613953419029713, 0.01329291146248579, 0.01938057318329811, 0.011809983290731907], "mae": [1.5558053255081177, 0.17334552109241486, 0.13999079167842865, 0.18309006094932556, 0.14797163009643555, 0.11720511317253113, 0.11105434596538544, 0.11503661423921585, 0.14801360666751862, 0.14104793965816498, 0.15596523880958557, 0.1331404596567154, 0.11695802211761475, 0.10882488638162613, 0.10056459158658981, 0.09393341839313507, 0.08854125440120697, 0.0971645712852478, 0.08766276389360428, 0.1313045471906662, 0.10861299932003021, 0.15047281980514526, 0.10369277745485306, 0.09679161757230759, 0.09930339455604553, 0.0879935547709465, 0.09551835805177689, 0.09043017029762268, 0.10973715037107468, 0.0850726068019867], "val_loss": [0.11652352660894394, 0.04267464950680733, 0.09048639982938766, 0.0189629178494215, 0.022700142115354538, 0.018668824806809425, 0.017562026157975197, 0.03608399257063866, 0.05745844542980194, 0.06628687679767609, 0.04042350500822067, 0.028456518426537514, 0.01625705696642399, 0.014218881726264954, 0.013137869536876678, 0.013215646147727966, 0.018714066594839096, 0.012071658857166767, 0.04511101916432381, 0.015929685905575752, 0.019043710082769394, 0.026128830388188362, 0.02136426977813244, 0.020262086763978004, 0.020450467243790627, 0.01490060519427061, 0.011982535012066364, 0.02140243537724018, 0.01124280970543623, 0.01092974841594696], "val_mse": [0.11652352660894394, 0.04267464950680733, 0.09048639982938766, 0.0189629178494215, 0.022700142115354538, 0.018668824806809425, 0.017562026157975197, 0.03608399257063866, 0.05745844542980194, 0.06628687679767609, 0.04042350500822067, 0.028456518426537514, 0.01625705696642399, 0.014218881726264954, 0.013137869536876678, 0.013215646147727966, 0.018714066594839096, 0.012071658857166767, 0.04511101916432381, 0.015929685905575752, 0.019043710082769394, 0.026128830388188362, 0.02136426977813244, 0.020262086763978004, 0.020450467243790627, 0.01490060519427061, 0.011982535012066364, 0.02140243537724018, 0.01124280970543623, 0.01092974841594696], "val_mae": [0.31281518936157227, 0.1666298508644104, 0.26812660694122314, 0.1183067187666893, 0.12722130119800568, 0.11694006621837616, 0.11376336216926575, 0.15309132635593414, 0.20384401082992554, 0.22385099530220032, 0.16402503848075867, 0.13933174312114716, 0.10768216848373413, 0.1010526716709137, 0.09590348601341248, 0.09396011382341385, 0.10735072940587997, 0.08968842029571533, 0.18478815257549286, 0.1048310399055481, 0.11507168412208557, 0.13670691847801208, 0.11545231193304062, 0.11206313967704773, 0.121798075735569, 0.09417802095413208, 0.08933075517416, 0.11502283066511154, 0.08684075623750687, 0.08439956605434418]}